ID,FromNodeID,ToNodeID,Length,distance,angle,xcoord,ycoord
L1,A1,A2,"4",0,34.038149152116,315387.027,4071615.212
L2,A2,A3,"10",0,4.09709936001989,315389.148,4071618.352
L3,A3,A4,"3",0,34.4275968019075,315389.91,4071628.99
L4,A4,A5,"10",0,72.4050418934093,315392.59,4071632.9
L5,A5,A6,"4",0,33.545692489328,315400.609,4071635.443
L5,A5,A6,"4",3.5,33.545692489328,315402.543106372,4071638.36005889
